{
  "Trading": {
    "Enabled": true,
    "Market": "BTC",
    "Exchange": "Binance",
    "MaxPairs": 5,
    "MinCost": 0.000999,
    "ExcludedPairs": [
      "BNBBTC"
    ],
    "BuyEnabled": true,
    "BuyType": "Market",
    "BuyMaxCost": 0.03,
    "BuyMultiplier": 1,
    "BuyMinBalance": 0,
    "BuySamePairTimeout": 0,
    "BuyTrailing": -0.35,
    "BuyTrailingStopMargin": 0.05,
    "BuyTrailingStopAction": "Cancel",
    "BuyDCAEnabled": false,
    "BuyDCAMultiplier": 0.3,
    "BuyDCAMinBalance": 0,
    "BuyDCASamePairTimeout": 0,
    "BuyDCATrailing": -0.35,
    "BuyDCATrailingStopMargin": 0.3,
    "BuyDCATrailingStopAction": "Cancel",
    "SellEnabled": true,
    "SellType": "Market",
    "SellMargin": 1.15,
    "SellTrailing": 0.45,
    "SellTrailingStopMargin": 0.60,
    "SellTrailingStopAction": "Sell",
    "SellStopLossEnabled": false,
    "SellStopLossAfterDCA": false,
    "SellStopLossMinAge": 3,
    "SellStopLossMargin": -20,
    "SellDCAMargin": 0.5,
    "SellDCATrailing": 0.35,
    "SellDCATrailingStopMargin": 0.5,
    "SellDCATrailingStopAction": "Sell",
    "DCALevels": [
      {
        "Margin": -0.5,
        "SellDCAMargin": 0.5,
        "SellDCATrailing": 0.35,
        "SellDCATrailingStopMargin": 0.5
      },
      {
        "Margin": -0.5,
        "SellDCAMargin": 0.5,
        "SellDCATrailing": 0.35,
        "SellDCATrailingStopMargin": 0.4
      },
      {
        "Margin": -0.5,
        "SellDCAMargin": 0.5,
        "SellDCATrailing": 0.3,
        "SellDCATrailingStopMargin": 0.4
      },
      {
        "Margin": -0.5,
        "SellDCAMargin": 0.4,
        "SellDCATrailing": 0.3,
        "SellDCATrailingStopMargin": 0.35
      },
      {
        "Margin": -0.5,
        "SellDCAMargin": 0.4,
        "SellDCATrailing": 0.2,
        "SellDCATrailingStopMargin": 0.35
      },
      {
        "Margin": -0.5,
        "SellDCAMargin": 0.4,
        "SellDCATrailing": 0.15,
        "SellDCATrailingStopMargin": 0.35
      },
      {
        "Margin": -0.5,
        "SellDCAMargin": 0.4,
        "SellDCATrailing": 0.15,
        "SellDCATrailingStopMargin": 0.35
      },
      {
        "Margin": -0.5,
        "SellDCAMargin": 0.3,
        "SellDCATrailing": 0.1,
        "SellDCATrailingStopMargin": 0.3
      }
    ],
    "TradingCheckInterval": 1,
    "AccountRefreshInterval": 360,
    "AccountInitialBalance": 0.12,
    "AccountInitialBalanceDate": "2018-04-08T00:00:00+00:00",
    "AccountFilePath": "data/exchange-account.json",
    "VirtualTrading": true,
    "VirtualAccountInitialBalance": 1,
    "VirtualAccountFilePath": "data/virtual-account.json"
  }
}